0.5422197463598251,0.32392138762917333,-1.143468323360915
0.32018909573416215,0.17905740905898174,-0.31406784976695773
0.9523100736975907,0.09411773122556831,-0.30782909006308
0.816800399117539,0.9109715924411084,0.14477476026607067
0.6226879589753301,0.21342494276077204,-0.436178021563972
0.6138947920867389,0.7083547000480518,0.46713273142640044
0.36898248700324493,0.5647464405529873,1.7016437245604983
0.5711457956525989,0.18304745650162169,-1.0335795365925564
0.6601951022780522,0.6976115833100587,-0.3599310418358501
0.43038630588648025,0.3750477283043841,-0.8824046305176731
0.9998693817016143,0.9951926308612608,-0.18533970485036907
0.5535537357193897,0.6807172963530017,0.17601989310161878
0.9747973420381897,0.6357383931647138,1.4799115479893838
0.5686467951904538,0.5370141553172835,0.5968309520179433
0.4132022655955749,0.19646608659961537,-0.3748239513210609
0.3189284814604415,0.2551116814284371,0.12717722694788966
0.5468591207426297,0.9290367727287516,2.008688293732266
0.03039633005363816,0.6243752831041945,1.0692598356665854
0.3919610278081429,0.6269753072832994,2.6476524999512585
0.21598599532772994,0.020903455186468918,0.25467937273409974
0.37066892799675805,0.45387907904694236,0.5930487759214558
0.981112266465479,0.27334391425123916,-0.12162510403791853
0.8079837505955857,0.14882689901443508,-0.427522873314393
0.2209622746436592,0.3077312776148735,0.8701848606658911
0.6337972406268596,0.8886639368900426,1.5253217065472129
0.760893086996362,0.401624328766448,-0.3715410133202064
0.1420016509858581,0.36179999294895204,1.0052823080865156
0.7094476002052806,0.4277332521659758,-0.2995184104644344
0.9912158786246004,0.951128887435654,-1.8505503802078713
0.7814585744851935,0.9081333353572418,0.16344912021099886
0.1342400460011435,0.9397666249619289,0.3040431208391969
0.665891258802967,0.8429104406480669,1.5443551342486193
0.80417882190377,0.3579189900975844,-0.4128965280816982
0.5211758919375528,0.07895982995079645,0.003076620161741423
0.3454876720054985,0.07451224025687139,-0.6517496443039442
0.9030914827766452,0.10402680904799336,-0.11112653290988708
0.20440308570080493,0.9940000827177049,0.2985365842130405
0.11219110948817247,0.6044124673314951,1.664371434126853
0.87970898206988,0.14080651231674396,-0.4292737970394807
0.25769621795514014,0.5762505188626377,2.1959874928562884
0.3104668872330258,0.03442204050724622,0.2932136398609632
0.2840784236073029,0.37377670501030463,0.5224707736472248
0.355476309915735,0.34064557338821283,-0.43205926217692886
0.03670092771097845,0.7648930195970646,-0.004188220257727284
0.5199477895258933,0.5689617252059818,0.42181867241380616
0.39620267183440094,0.9478810704334758,0.8828050920156199
0.04005847240150255,0.04825539591304493,0.8023063942361119
0.914811144362689,0.20194444093351716,-0.434877072116569
0.024545580658694107,0.5040230870752831,0.5495807573068269
0.0979440459565856,0.2698837385963109,-0.15341482677999652
0.5954757507380797,0.2770304591731136,-0.6767554261037111
0.7205618810868688,0.29715409122893627,-1.240708643429822
0.8669735077150744,0.13274208584910246,-0.17622592024695186
0.4009682804490124,0.36552654340595836,-0.6315550805287394
0.8564765507052948,0.30347159266030227,0.23947943179418388
0.5287058068184354,0.973606540083151,2.2588161859968903
0.002173612174503469,0.19239438834490236,0.7154278868702247
0.8815802466805696,0.8453058124416554,0.38913848500284687
0.909321337319433,0.8130822923559653,-0.22707291194384452
0.9202398632090314,0.8901192690521935,-1.1168536188797453
0.8547617265983378,0.2919573632694542,-0.6296193337463567
0.5141148602454383,0.5458204625323221,0.23826173527164152
0.4244838551898138,0.6756809185890408,0.6221487382167872
0.9597373855646051,0.408479610097795,0.8750302769466967
0.009378204114156003,0.42224752542385424,0.5886232836234371
0.4570186366544216,0.8807985231162199,0.6403786901943795
0.5093178459904725,0.45650729102505366,-0.2824186761856787
0.32647196452450133,0.5263429994021702,1.6368727968325407
0.5914044577679476,0.31753263343186744,-0.2578619700310405
0.22610749150003173,0.12892285660715977,-0.1374318826571504
0.5630119076335753,0.05815378600809237,-0.03902987592845377
0.6537813645367524,0.47778008023291946,-0.5504477662762214
0.21424649715078573,0.6482200761244681,1.808456830465728
0.23913034893617588,0.6144886545393489,1.6104776000571932
0.8854964363077678,0.5113119756810395,1.1575799839637082
0.0887846834923974,0.10611682997127678,0.8603283640413965
0.7508842189847061,0.9301604632586529,1.2147293455294383
0.1709868055087428,0.7523537079841092,1.1811891431389645
0.19675138474978054,0.747982287944773,2.620622808632645
0.07425584490339793,0.011028387970933142,-0.25151895237860383
0.40632573395591776,0.7907545089609949,0.9126330697810007
0.9766397638872629,0.43250583991654834,0.8476905044614376
0.047237049338617325,0.4842791347919669,0.9885852711837974
0.7408376988515755,0.7166283949522932,0.2787714720137421
0.12673151210697703,0.7210012829077594,0.8227608275295327
0.29966087726364826,0.9445639872130109,1.1015753890696238
0.7938416566414556,0.1728788204794679,-1.1288882550615065
0.6191320844515594,0.16709909564647385,-0.7323700191154852
0.6460638609728286,0.5420155436034166,-1.0743910069918883
0.47139951221747894,0.22796933251730714,-0.3397284027763149
0.15898429829734645,0.559596335182236,1.5063316551456531
0.9885578246957833,0.46021192415891216,2.004319978885855
0.925081472250846,0.9636957927730586,-1.2617987935453625
0.48865545366491586,0.6074031864885283,-0.021817672475296843
0.4821434411501452,0.8004741392965771,0.6604535679261875
0.8131900767287671,0.46783518522542633,0.23818499837122695
0.556372249524237,0.1557006550250409,-0.8363963625676576
0.09019485556646957,0.5224721563478036,1.6738165848249018
0.9355961060846094,0.1120908450463638,-0.5430098823731628
0.6973420175410388,0.38558473886982303,-1.5319142300126432
0.7962262200990134,0.6926618577941374,1.2043692661434675
0.33373437700763925,0.7846111471400331,1.5195053248137957
0.46268580315395136,0.9242064779591124,0.6670676016076666
0.7192112497562624,0.7796410463314605,0.5476856869172976
0.7722552297966397,0.487702734938813,0.46484622594051067
0.4471335134447935,0.08730364904224316,-0.667808606049147
0.29377055659325707,0.5088709241681056,0.8200942879502163
0.7316012186764144,0.12068702791613557,-0.8576358047606168
0.19451610134526715,0.2621585740287547,0.553560851015902
0.35323467446809415,0.8642188157623262,0.33751476020284166
0.4688757792573912,0.9035338714392391,1.430291160399396
0.16094395425055325,0.8966993925412065,0.6583926517720874
0.8306069401405365,0.2837657906743032,-0.4357326346730568
0.13597956627610702,0.22265572039495274,0.557290455540629
0.3368165502876825,0.44349848642818335,1.0565753089219119
0.0545398405687985,0.3914272379769881,0.5119337534091247
0.018503644708573425,0.23210161105967078,0.612763972307154
0.9602621037123555,0.8181366832198036,-0.12044957915622574
0.7570052050945351,0.06096792407369083,0.18412070462934632
0.37837791321117087,0.3384228073790018,0.09513959469166362
0.16628196794130573,0.4479791423219249,0.9942859903627725
0.8261033491944312,0.7374035211844818,0.6652816544590882
0.06601632018796028,0.009688131765332004,-0.1947184841981933
0.17641300791980444,0.2409166497760821,2.3047411522545147
0.23476565729159454,0.8653712477983164,1.9537654548577275
0.38494571437305575,0.20610476157970303,-0.7100843274756319
0.7289730783590466,0.39894457830042585,-0.6116393794659172
0.7035179104036735,0.9805227264922644,1.625178262784393
0.27227315721971523,0.3317847955910805,0.6334648959911713
0.18507350464705266,0.7030124743365405,1.3270017455200853
0.45002346213531186,0.8096979977192638,-0.6852596814670298
0.9461720098596667,0.6611295153188457,1.3758755065450827
0.2437690149107988,0.3511769122346544,0.9555671180194213
0.6255157917482254,0.796107727981184,0.5439976732728323
0.6080987342042896,0.917125330728451,1.565085113477125
0.9405820576550434,0.8774273831471704,-0.3178801098938672
0.7483693576200497,0.7348768371720129,0.08387555373586192
0.10822625516752787,0.0008601552924141076,0.5233252936255777
0.4942761002744622,0.13537053648528757,0.12351685543270895
0.43856660128558905,0.01732919009318083,-1.1250149619393925
0.010752409443734234,0.23772519398494993,1.57418063723326
0.2890005465528908,0.4199539704452029,0.27799037090553774
0.11559844289650917,0.9662346958879239,-0.13632225818492325
0.9698375709281906,0.7298814340175929,1.2390007549017241
0.4950158760874291,0.6303411282857114,0.12822581263795635
0.681598686549961,0.4367384952981942,-0.7235128141870829
0.41826908311986893,0.6409484601112527,0.7595334812918261
0.5847095745323158,0.7401493961511708,0.42985964636301466
0.5307128980272866,0.4955484105458678,0.5258910663016138
0.9187381703085659,0.6557382147849276,1.00735500999535
0.8608574771148187,0.34772383447480526,0.16744764059831446
0.3057737615708702,0.5305602880731526,1.5526773596446921
0.693283565942188,0.5805716721035521,0.3220601168061598
0.6895440823313088,0.4908119952959025,0.1059487574350141
0.5353869725260286,0.18663065746880197,-1.0677797061469612
0.6748581282577796,0.15107590038600957,-0.8672493273167003
0.07813916595463204,0.8289616693840566,1.089568754095063
0.5782155559644547,0.2492266937995437,0.03441202872275006
0.2603761431994,0.8531281981176589,1.6289828860914766
0.6044263137086403,0.7108446705013691,-0.00807516262048903
