0.5071282593146479,0.43618035014939716,0.29729936622107167
0.5260724814712743,0.6624767955292334,-2.4890671213515083
0.9071381101123785,0.47763851663927714,-0.7148265808897306
0.9207412673624481,0.5031987073514289,-0.19157117827144482
0.8844223219483102,0.20249005773716022,-1.155793501047495
0.9191652782462809,0.24486468179572257,-1.127179646490241
0.5665814523411947,0.11845927499372395,-1.5751086728989914
0.052031419760995484,0.9174993177049353,-1.7722336090165276
0.6913671139246261,0.37983207191502283,-0.36294771356158756
0.903165969187382,0.7786505332465459,0.749659296670409
0.0664617451910738,0.4930532582218566,-0.19549809209855787
0.5524474718765605,0.5583322401847253,-1.8153578857537522
0.5234089882792555,0.17180676651030172,-0.5488677376323368
0.9451923870284469,0.5491706564657871,-1.0790326572395812
0.5729131633393183,0.8067350748651348,-0.9322110913232058
0.23079921229836473,0.6518815904734088,-0.33052548338837706
0.9830031567284965,0.8195504152521146,-1.062858445876344
0.9782880488107564,0.049976230575473235,-0.3770924106704127
0.49868173039430685,0.7688353168592882,-1.024122469538102
0.5620854552972961,0.39683161423769164,-1.5135363088835811
0.005275581890152658,0.07952597569805847,-0.6107860488597575
0.4661870968929845,0.5505205098430797,-0.9120382195280606
0.9612631462151663,0.29336423712303383,-1.1122680804203326
0.18987636598404767,0.14080230997579443,0.17996884278025532
0.22884356102348974,0.9106511870335064,0.9347197074184715
0.27964901702281325,0.8253465491851927,0.6013758087085238
0.6002594645538,0.053074809472723014,-0.6733194872517382
0.6807791610602052,0.8415181486043817,-1.1224656670150646
0.4712137476811117,0.24876561015849213,-1.1448010769980868
0.7760366005606721,0.6704088899402535,0.44835271863691883
0.0112415856010828,0.16944204959682233,0.5124372361610985
0.17213368745618662,0.39231909404367377,-0.3994204841459015
0.9592095506453379,0.5702215779866595,-1.1687999066516865
0.33717197307007185,0.004037071869453425,0.5317284079882282
0.8890915847863906,0.6001045492720672,0.7667986961096733
0.6356054157486869,0.6690496994460778,-1.4270612474537383
0.1955555181275374,0.19800869543495875,-0.6046199939721824
0.3941686094224688,0.5628649728126878,-1.469623959137469
0.08808023737784695,0.0358803782679499,0.7109753323695935
0.25746602419481707,0.36801245048464104,-0.5413008866313678
0.863071245245191,0.9628454301946908,-0.5508170941787236
0.6155368389140246,0.48687214007824275,-1.4866247792270637
0.1646989705775321,0.18538747219034757,-0.13526512363704477
0.3276186160952148,0.092031029221945,-0.47784149464721976
0.8579380568926837,0.9759698725170758,-0.08250576414000169
0.26707346183169084,0.8486920393984342,0.034881971528711773
0.41544865020586075,0.4533808976668945,-1.2821670048346243
0.21318847434480775,0.7032551954490913,-0.9536114354541794
0.36566168285940603,0.31833354885749376,-1.7709458049196254
0.6234893376022916,0.9369083985475634,-0.002015857223687778
0.4555489514986261,0.46384440956700845,-1.7027152888954746
0.7841611724149621,0.5776138252673007,-0.035561030736825074
0.43954513778145066,0.22132819688107694,-1.2118438396290354
0.283108791140425,0.7995538519612976,0.7668761605761651
0.31273256651013165,0.32078020266954843,-0.508297079806481
0.23632110110414473,0.47479671318134586,0.42878053765172863
0.025520650910828432,0.2713118623706835,0.895377326296658
0.7018249152170646,0.44642830573469566,-1.3081623980630173
0.40240450188137145,0.6093546368344582,-0.9574054606552019
0.537708503113647,0.15754920711129577,-0.5800251491558053
0.09075486165645674,0.7287410060621938,-1.5484355586704617
0.8180422324118293,0.6390987251656328,1.0829697863600822
0.30673951611442507,0.5122779909583608,-1.6318889205663427
0.8958746408275213,0.2373191295194303,-1.3194533576733531
0.19183247626944105,0.7191608906814979,0.11425257334158091
0.762508107083806,0.9502791316391449,1.698388540617481
0.36184205591866375,0.4240137765144239,-0.3363005261602389
0.3517062336346243,0.4986796007393465,-1.3266042803413904
0.7576914776677274,0.7104531728001975,1.3535887931817336
0.046212282749392306,0.6855768084323387,-0.6841698768923162
0.019634556663905414,0.44190494011975967,0.1712014804723446
0.4423613728704241,0.8363303907710319,-0.6495288214965208
0.42264341955961293,0.9098926516471469,0.49432931382857925
0.5572987584414254,0.9440086855084432,-0.23057691661083612
0.05687423175433689,0.6841761471139347,-1.09080449486711
0.5888548526892569,0.7556222549285643,-1.5502835346669426
0.8008596563059457,0.9238422958162807,-0.16098335922847132
0.8947518996997382,0.07092020932681381,-2.003383846395092
0.6071464483717839,0.3402331699551042,-0.41415500606259537
0.8501530399053249,0.45740235501343435,-0.7095218698435103
0.5485813284219162,0.6237207093441061,-0.7929115047544152
0.25412823667510714,0.1029787822574779,-0.09442861966992845
0.1259117253871159,0.3896352164282352,0.028560657938699704
0.07753710729963224,0.6338211839548581,-1.6727715523014008
0.7940470989813692,0.2662949585774319,0.09769985787653661
0.9276158701215828,0.5330324718946803,-1.0680960205453582
0.8498058195662144,0.8640881187717688,-0.11849445412543153
0.481382407919059,0.15086075768667698,-0.17762869869940137
0.41011844738521247,0.5959713519002053,-1.6005988110914502
0.9740348288313149,0.6992394408190212,-0.47274825890162675
0.9682391707123328,0.6168825920792144,-0.19198303019575522
0.09877626322970745,0.6943663024657479,-1.2753621352680107
0.06029083333401879,0.589097749515126,-0.5831105368191084
0.2616472017948524,0.5228296896031097,-0.21936458624717273
0.7218466887978617,0.00818531756751548,-1.2565348094321247
0.29958424865480304,0.16306314385974935,-0.2995317686026807
0.24744939708009056,0.7315741517524513,-1.422706725663532
0.0351842722217625,0.22706617163313275,-0.29044032101510875
0.6696562982150555,0.8733944254172706,0.6182995364049287
0.7994082780635071,0.30603640997350723,-0.3486661827993494
0.024281389574229886,0.9262895667240544,-1.6689311572826646
0.8352996111404436,0.7525263539599315,0.47081147926835487
0.7264495371828167,0.8989590336991405,-0.6517060171260175
0.1785330540855848,0.19083532046718285,0.28267253943344944
0.43479224084284307,0.42835378324803136,-0.40662010875802246
0.30130972484506197,0.3560930820855651,-0.7819291467259935
0.2207817708205754,0.999277170437918,0.27327214879408085
0.3400305838672591,0.2796862942970381,-0.4318808957180019
0.6304223218985032,0.4020319016312894,0.01170243295422494
0.11134932617953064,0.8881285053092711,-1.7569373956205958
0.7488117076701455,0.3716129325688569,-0.22475561489258927
0.8204861304535709,0.3111375842921963,-1.2400151387882496
0.988415010208102,0.7363629708645136,-0.9818463671667046
0.5156974092095464,0.1269413293020436,-1.1080033974187014
0.7190617732772883,0.13496887986973063,-0.682098021594764
0.642809165439316,0.02954938372197496,-1.4302542751432865
0.5045552336198758,0.33222946253485763,1.030773145284545
0.28802786145655135,0.5445212651583704,-1.227545771467762
0.14464853089552912,0.12031866668463823,0.38163217236959607
0.6592986576323664,0.3527414306386118,-0.7086774835253861
0.5991511258148955,0.4139241180883473,-0.5893194562573368
0.9519152521792403,0.7749604644739866,-0.6567167816912649
0.8682588468808625,0.060829271636221253,-1.9825289562768844
0.10152735671745412,0.7805085379172786,-1.1967518196689022
0.31714602588616947,0.9725797864051691,-0.9761144888403773
0.875956250644916,0.08058191473999843,-1.7578930021899581
0.12267902729523326,0.2154091535501304,-0.7901558577098906
0.6712784544581766,0.8135383837947687,1.1571217738221873
0.9999833096315561,0.6785674004746006,0.1672232708370782
0.37983661136273783,0.10636258005849042,-0.3568919508359212
0.13118439032789114,0.06902488569083952,1.1873262553590136
0.9436836437325504,0.8244637050986003,-0.33540057633756265
0.8334668011335812,0.5086292560597507,-1.1903179845609981
0.787412251371061,0.08591490558915599,-1.0504942869740264
0.6129242224400198,0.011327258805849892,-0.8333800403449025
0.4602807296345951,0.7432061439494047,-1.7818678460707917
0.9937552657827163,0.5847507029713059,-0.18304563856766656
0.040758023835422985,0.8677682927950401,-1.1832377152384455
0.7715864354183514,0.8008157271488336,0.09024607341208575
0.7348701740166712,0.38336134917325315,0.7391700077348474
0.4070990152336599,0.17870248882968312,0.6567849292309641
0.5147310839891538,0.13525030669094268,-0.0402348627615402
0.1667156926971836,0.9839202845182825,-0.5583036059587468
0.47502581879521955,0.2870780546931921,-1.2913438259436363
0.18491655570914534,0.516147837040726,0.7008317833637872
0.2419846644870498,0.18238536317523338,0.4217376175597909
0.4881690388534339,0.430895743269717,-0.5915649438722487
0.5817744500329687,0.9045702171789541,0.6092974097766113
0.14766398715488607,0.04010068646347249,0.9184542145877834
0.11563492166881736,0.565191950474913,-0.3800259374748753
0.44590993875873125,0.9330658027211142,0.5853795884383926
0.7072664857928223,0.3472320072951371,-0.7821809968687236
0.7141042014479466,0.48123693826343455,-1.3870768245491178
0.6493400362166719,0.09824726953360641,-2.3431698540055637
0.6969958747786298,0.2646738118308758,-1.0307185914465125
0.15086952665121794,0.7865245839123584,-0.5897475061391168
0.7676561857864043,0.876366473907474,0.13681925243396453
0.6890641141464532,0.7919469577776037,-0.5815435980040877
0.38198223534403347,0.8333637742821923,0.6384125706612741
0.20386767909948986,0.41725996363726997,-1.419749091676572
