0.5359470031134621,0.4879720703151192,0.6474910059332626
0.5586673636414672,0.20225928332689164,0.5266659436009867
0.023241753563929737,0.9699962709624198,0.15722839712329334
0.3840332652956045,0.5079407761033713,0.9432122261961562
0.003196537413741699,0.3033664111212712,-0.3390585067202462
0.9329480059532083,0.35975684673569025,0.07911555242518749
0.419555576894203,0.5420613547277239,-0.0328336792257929
0.3363773599469887,0.6410012519725826,0.2782315895246678
0.497917325203637,0.014140376327675324,1.2464996886532933
0.5874920555109133,0.7438235078253473,1.3234455165203096
0.8724258023159008,0.8038851537197492,1.2806503774657836
0.4391424747682773,0.28827007557305684,0.9343688777062986
0.8080557369194246,0.8420020733277259,0.8442759154864312
0.48097624968632025,0.13741234409393335,1.3691302716180727
0.30884198197943147,0.4343155571557425,0.9690147899940671
0.8841898916318659,0.7274356876917705,1.174068290571857
0.00674839896822224,0.6927663734345565,-0.259760754520279
0.6856481818054734,0.4584341701843956,1.070210850030004
0.5519346501060015,0.6174347397389767,0.3032695460254733
0.4656340044550288,0.3108820618468871,0.20233766611852042
0.646810347068813,0.6225463698728446,0.6831503481850266
0.3144141255152814,0.7511068273033379,0.6847352272267776
0.4255071303067974,0.4714191193066717,0.9562990153906953
0.07485716778051218,0.21785283859575194,1.4046496023275632
0.9528860930529066,0.28357607249667527,0.6399602092093495
0.9354605499623733,0.5641560257100702,1.4296349390886793
0.20914747021513794,0.8169214881294868,0.8986204051703844
0.19084721326574236,0.4130265469417031,0.17251446377022037
0.12236392513827,0.22049362876485862,-0.13541052608918516
0.22790045260204958,0.44345874376139044,0.7318162507176942
0.12813451711137225,0.22972667614961537,0.728327460440323
0.21237293053069572,0.5348248230374505,0.3501281341841843
0.7783022915771964,0.7143874292198111,0.8675105177576491
0.7635992715683532,0.3055415828131937,0.8639278965878099
0.6769365191962865,0.7392616999107008,0.9218491294681549
0.8405809552109984,0.7664333373060921,-0.10208037305774842
0.6718333772998132,0.8614754466353503,0.24640549640863657
0.1687931502419503,0.9823837241538084,0.6540579683131578
0.18537677998377067,0.19056012849516146,-0.10624004948497118
0.8345882106560063,0.9137379306090448,1.0044015583554624
0.595859736444851,0.9285239559517185,0.9069614393711386
0.5692804562723189,0.9909871076080918,0.6081045030775515
0.7122689641832004,0.14375594270402958,1.181131885386821
0.9274960086238915,0.6345307578427293,1.3989878468595172
0.03338811446196091,0.49254821052725356,-0.1536930978961388
0.9743012007630589,0.7936173053069363,0.40657409135696804
0.6673735734669174,0.06931347124001089,1.3142967291990961
0.8630946449689758,0.7705637006975751,1.1036530880586921
0.27979065740972126,0.4524619427850562,-0.39486349462602305
0.4850137308011427,0.893336830181577,1.4521505365042755
0.9665296560282254,0.17916338841777396,0.4173709510316065
0.8261853010087676,0.6509673866640115,0.6637137471968063
0.24354373468207002,0.5680802439877294,-0.0396785927713858
0.23518997796767238,0.6558168072730617,0.8715090381319494
0.9623680398250615,0.03923257764861444,0.9937729389936231
0.11418954964269297,0.4384040230898495,0.33345318670923435
0.9815010706784402,0.578596577773871,0.6341847990662467
0.4054467594215467,0.7002036963585315,0.5488996242857654
0.9424486946167447,0.21457454450771948,1.2669333462638983
0.8690616867181978,0.1705204783862596,1.8168488676122334
0.22075077776734933,0.8999038837489828,1.1542957364723527
0.18019276750294225,0.3892926699808935,-0.09209051405597836
0.6636690588363497,0.924140944691271,1.5803788881010785
0.06087518407972179,0.8599790401466683,0.706859206099738
0.14020731460748148,0.4265089766442105,0.2092389557373403
0.21603014978133317,0.7881984355990558,0.948785686700362
0.23185633887847593,0.9965971058593049,0.993489110988447
0.35550001176189355,0.12866886164294167,1.8579715019219882
0.04101952772916345,0.40524996733283886,0.8268440922066128
0.9209614541739458,0.827641766815851,1.2912970765649963
0.6308176573672621,0.5126698862246122,1.2807540473984436
0.08327017062523692,0.686069664672478,0.7980276259845144
0.7355680709594672,0.9072199370271927,0.800323203845199
0.09042033078752043,0.36003090374885366,-0.7953846322641276
0.34128826725977013,0.46620867808705563,0.4519734870862232
0.3202415774693168,0.13441404159113318,1.4511383203842636
0.16261656460301172,0.009208944511396,1.2468507061123253
0.6173375246858739,0.5384955730324072,0.06790158446376089
0.9999081943218985,0.2751747111190277,0.10821782267491373
0.36925421594057034,0.2648658600959501,0.7825633868094927
0.8456117113206614,0.7995295442387287,1.1585436237788782
0.29480779916611405,0.9507506768724323,0.37122044334764703
0.6993626846300771,0.8887194550682832,1.5821776615747454
0.32657722871386896,0.6697943840318227,1.0331796210656201
0.14517437154546234,0.8518761907844729,0.26555747744798713
0.5847569966745748,0.04578855210515357,0.49981558528060244
0.17140076101398166,0.6706481696498235,0.30830809545609844
0.7595927778392664,0.4229255500442104,0.2953044329767345
0.9029668407839074,0.867543239675204,0.7628360520862587
0.5119944075022405,0.2553147562231838,0.5467181397382134
0.3508986388038876,0.27213807370497445,0.5150351182891807
0.7151025033250084,0.1841666486881899,0.3486210411441798
0.6281409269422735,0.1549616152419149,1.2783313692983138
0.6439321234568809,0.5965819024935057,0.25262923945593785
0.8163055106111101,0.003702383269093753,1.4363885925474864
0.43483478078239635,0.6040665651693193,0.6247001410685833
0.5040879340975501,0.5848843988690473,0.8165372862768054
0.05723372995578246,0.8105556120187987,1.4417383751503603
0.9793469470297955,0.6062364571563194,0.6007491209710535
0.9566944470945765,0.16139594381408326,1.4711008386107898
0.5639465739248358,0.6757196518706795,0.6707805035189984
0.6922924970529387,0.1958338427741391,1.1381977317166712
0.15103470698879118,0.31805936725822387,0.7802870195599443
0.8879269023897709,0.23788159849003188,1.2155550090323068
0.7040467823130286,0.3949498036087028,0.3669774438867949
0.5744198005174205,0.5908873796272952,0.8394743403002515
0.49160721738410956,0.10303538929558967,1.0535466285802282
0.7202129256331388,0.02663856890310276,1.4329492476292165
0.012502392767602002,0.3983262004392058,-0.05498318183982518
0.8362337994882679,0.8241884580446608,1.0062515760430897
0.5198189285292942,0.15939422218728744,0.8262197406980705
0.046329745734727305,0.8829395030285423,0.02820064864659329
0.027258971876924436,0.9598374391028589,1.1185359275340734
0.748240319827511,0.016975137541427876,0.5416955633370252
0.2649388740314857,0.07586788946151408,1.2335134949442663
0.5317240325532759,0.20526387142369587,0.9170184205423951
0.2737654776294978,0.7814889411975422,0.340375060837717
0.7281004095223502,0.6375602343127353,0.39320428711009797
0.29546408486316444,0.5231306885814788,-0.2980718715589663
0.45991017625359293,0.5461742419530387,0.013572348798947793
0.05405292595062968,0.6101691508965036,0.04830807856110032
0.877132592362758,0.11760517905360153,1.5340169407243096
0.38697686584156166,0.11366049178167283,-0.06955355241786841
0.7408820880718455,0.5524447270507536,1.453082945208926
0.3338878993890727,0.33719869275308867,-0.5543226146225201
0.7688959605423701,0.14635172429917742,1.8468672479018347
0.9917427000910308,0.3706094847633227,0.4788097234501414
0.856391804415025,0.7596619732099501,1.1157846772513877
0.40022391537579255,0.24261659543315428,0.8048036439449802
0.9174602297855963,0.5733408974306073,1.0248220969066686
0.11711547882264485,0.23213588145541295,0.27872291581769554
0.7529601880694148,0.9895186599355124,1.2524783654582006
0.5230271568087744,0.7489314838987744,1.128814493138379
0.607539022941814,0.716058208822244,0.8149686000452133
0.5465761845214664,0.0967659490055513,0.7829515555479977
0.09558091703190101,0.9420450182182607,0.5097685501657793
0.17987269457868402,0.3681340099638512,-0.08212420553173547
0.3776246310630064,0.8339051451859073,1.3067428835901864
0.13008134376013672,0.44628708708680437,0.40085456758130733
0.038586821068512925,0.4027346999193987,-0.5019800258220247
0.10540608194972653,0.10757607359433878,0.3352251290989197
0.4537635260914478,0.3329795391271436,-0.6622911443743755
0.42069398133075536,0.9169021255654652,1.0691518507212316
0.682174022974912,0.6821384675377629,0.9089404670488582
0.7711243629206145,0.6614516429785575,0.8295572855320558
0.7969123981492597,0.7099869359590022,0.3662341707998966
0.19951249647952796,0.062007350862538654,1.0810579607084059
0.2506384520874461,0.3547877528068943,-0.4341165471787243
0.8129040170194312,0.5883686238889622,0.5909986749554014
0.07827968824715843,0.8072820139444733,0.34011464454716916
0.5428449142660356,0.1677719631813659,1.4683237309532204
0.4621331971392673,0.6970639178305413,1.6374539540724689
0.016076414700779463,0.6260489559513546,-0.006008453631798921
0.7908333373324892,0.8492662243989915,0.7726622397064394
0.3955312102285884,0.2942606807825496,-0.018577084123460062
0.6004789548421916,0.34479266254463453,-0.3877788011732221
0.6587970891013272,0.08902631811797772,1.7990587173379233
0.4483272604545562,0.875259097952027,2.0787504920180155
0.7891151975434262,0.4616083291072872,0.3013277968090835
0.4752119561240701,0.5033111163920116,0.6047218643454078
