0.1629201287912159,0.2069660341441734
0.8917889773371399,-0.9443417967992624
0.6529381332049252,0.5661077537750799
0.11759186208429229,0.2901288554026612
0.41214667820271345,-0.08847990648973342
0.8587178815224444,-1.1346476330177384
0.873540252248759,-0.5050963498589367
0.3846641740324089,1.2774147278282342
0.5239111653979438,0.10987538262085336
0.9730602694466534,0.32545272129805153
0.7333771169933074,0.31539414459155124
0.47869273717560046,-0.3023302402827218
0.4835641385233338,-0.4200158518514546
0.1958116063338849,-0.12930545091598147
0.40242661785349404,0.10025342751137613
0.009927341693514738,0.11946370243704478
0.8000783678245164,-0.4918616324176215
0.3774240833736261,1.2069587504831243
0.5987669350125685,0.6846384939827037
0.7046473035665496,1.0149327350240078
0.9582671395020392,-0.20868746635097155
0.961389477419882,0.18519453413764891
0.15835904443243254,-0.31749691948712827
0.7996237320126203,-0.9484416804407488
0.1895946834178867,-0.29037245088833163
0.8656432696531827,-0.9050834346499985
0.10720597444667691,1.084530664209699
0.6221481475636521,-0.21665550902935296
0.25401450082109905,0.04241991883780389
0.7395429175728384,0.4372758658566553
0.14883336366388294,1.2304599426823033
0.21543310939367685,-0.26434097553047675
0.8874343988660552,-1.5879216789703159
0.3313697730646206,2.313658696672728
0.05424883070634027,0.7222338807224261
0.4998762233647273,-0.0004999777923216923
0.0420397326034725,0.03315520501261412
0.42833095079606637,-0.08731257926089742
0.7514887896013737,-0.015130963011269432
0.9150329181699797,-0.7181565039441692
0.5765932771073058,-0.038011793783271575
0.8622657577046619,-0.10520410982861285
0.2833999771852844,0.5190040836286806
0.5176133040412406,-0.0038273213180134067
0.23598734429075308,-0.30502926830625876
0.4239960918957743,-0.46192071276955454
0.6139033000413576,-0.8450666965471401
0.34292537193055295,2.235973702613746
0.631409647856148,0.5674030077244926
0.44425187662699966,-0.3392421488496625
0.7737409223849449,-0.6849304959521053
0.3972077170814785,-0.15752460588383355
0.6453219902364373,0.01301219668272238
0.7486444852073305,0.038053978718633315
0.7912804271322597,-0.8742887400689823
0.1346281402802325,0.9886466476324572
0.9353145587920193,-0.06873438817781459
0.743692969517341,0.11899418695606073
0.4938864356051522,0.02263959914735015
0.24502463953696207,-0.0706615981291299
0.6425582512930353,-0.12496747813768536
0.19081958196597448,-0.7796259590388551
0.46132193688268847,-0.5229093515292361
0.32692857343898984,1.355429328173147
0.22478605305073102,-0.44690980125595337
0.09295000989694004,0.8212406741879689
0.03646164283970074,-0.2736175187127745
0.9432999804445943,-0.5864893934421331
0.26539432216018005,0.0467286792300207
0.5621721336721118,-0.7290999027054976
0.684493526193214,0.9221419820610889
0.7076853103124132,0.4246604987949916
0.5655383958235881,-0.4543188321657494
0.1399789547591607,1.0950512453256653
0.7629517716138351,-0.35196582292084444
0.5322562652583225,0.1587849965121704
0.17081940342596455,0.04843338708917987
0.40709427253828784,-0.4598990131451318
0.9108998552140204,-0.9065617776252609
0.5127906565548933,0.016145625684638957
0.9927674650956877,0.06884409541426757
0.24066210232558174,-0.030167991918146796
0.11118911284638883,0.5167578627612892
0.2254092273723624,-0.3854752339236769
0.6659197503598526,0.18873028513585313
0.9792287346588056,-0.028883619866531485
0.23009280210201882,-0.2595564420453685
0.6901013712857201,1.0058666585318794
0.5360405055507733,0.01965459225368022
0.5437116505754505,-0.29566109534411245
0.3706005815773053,1.7288523270013703
0.04719852139093505,0.8809898155343104
0.5927505451988014,0.07696333021198837
0.14111676776338197,0.6794621026833786
0.8533760660919317,-0.9788760562132752
0.6060057257297401,0.16856601608019856
0.30698730823810744,0.9206377766554228
0.06960458559977614,0.5469538216000843
0.9836679840984306,-0.12138348989113584
0.7864218008395294,-0.6750230394313553
0.17502858298014026,-0.34107550175398904
0.47358976840336,-0.5988447366131012
0.023361543483207323,0.22242909801354946
0.41648602976636295,-0.3826714204746679
0.2647317833676569,0.12403471177004613
0.09750464571224254,0.8217382783568742
0.43952305788495294,0.4496647731275382
0.3040234571770562,0.8844420043022125
0.29820595670405675,0.5451116156654473
0.7138002083073771,0.6942611493121169
0.779375405385153,-0.8226153076614929
0.7839183322466569,-0.6048906927244365
0.013187609181796773,0.3082651547715009
0.6959915424255844,0.3149898170495497
0.9969242755626766,0.02908747573899494
0.8075924819473583,-0.8649721885043196
0.6275542755211739,-0.16644868300084897
0.032636366343192086,0.30053377302303175
0.16619634701990002,-0.3668833707228408
0.9546124117955505,0.26638313789342705
0.8390070841641101,-1.172816521498356
0.3674669969738143,1.7534313882154569
0.07500142655890484,0.8734697890565906
0.9049343732572739,-1.0316112061330214
0.5518456176711248,-0.01173786433558983
0.9314953037951466,-0.11739873721551715
0.8209857360668223,-2.2615828840966747
0.5709121447292673,-0.20369221109341185
0.987685542906071,0.036866608905692974
0.10009773457106988,1.397928042699616
0.8750756177406663,-0.48802419803948466
0.830329216824463,-0.6599695335381174
0.6197205102599849,-0.2675465524786214
0.29086467191786947,0.9746748998561713
0.5569641952791586,-0.06580620506133075
0.3133180406184384,1.1036556520903409
0.5472318543932779,0.08082726571243432
0.18211370458733686,-0.13077554724271181
0.32040969417531984,1.1866606753785935
0.5253162430056242,0.061671769471839395
0.9258880035193744,-0.1146639182981608
0.27860867299698966,0.29001380487824074
0.25650622976044213,0.02044981632377774
0.6856658272369277,0.8575706194069568
0.8144245632636321,-1.527642845317859
0.8437208812707259,-0.8494837104233646
0.6761076472106684,0.8312294620953006
0.4305534279560652,0.343110310818591
0.5828220035200126,-0.5997310044127107
0.4679387599031631,-0.3892608215333381
0.8281656035694184,-0.7644914039423883
0.20532265538630598,0.2887358360223469
0.5094461883618643,-0.14755743608276822
0.08683455814799468,0.7772327322117115
0.8816174217579781,-1.7473451225182999
0.965615523734293,0.2435995468927042
0.4592744257127412,-0.6312025416281857
0.3150549129823755,0.6201341403813097
0.660980739326388,0.7276330020741668
0.8161229502121714,-1.5251645264032823
