0.5037165583712881,0.31012596829957473,1.1828213281272242
0.05606863678357255,0.5183709920060083,-0.5906253125297505
0.4009682804490124,0.36552654340595836,0.6354258540882909
0.7508842189847061,0.9301604632586529,1.5116473063400824
0.12673151210697703,0.7210012829077594,0.18434982407311445
0.3368165502876825,0.44349848642818335,0.9477839727893641
0.6601951022780522,0.6976115833100587,0.6760059497091735
0.43856660128558905,0.01732919009318083,-0.3301092464947376
0.36898248700324493,0.5647464405529873,0.17581067878425558
0.693283565942188,0.5805716721035521,1.204466218805796
0.025543725480777754,0.41225589520520617,-1.2170262692035987
0.6460638609728286,0.5420155436034166,-0.5565240197607516
0.816800399117539,0.9109715924411084,1.070154903422738
0.6895440823313088,0.4908119952959025,1.1594157289160127
0.925081472250846,0.9636957927730586,-0.6241322645719218
0.3057737615708702,0.5305602880731526,0.046369772782888445
0.18507350464705266,0.7030124743365405,0.0009056278072893458
0.760893086996362,0.401624328766448,1.6912384728529033
0.7035179104036735,0.9805227264922644,0.4736266373677358
0.6044263137086403,0.7108446705013691,-0.04613253392241412
0.7205618810868688,0.29715409122893627,1.711467770686413
0.062012920557929244,0.8392492057197815,1.387739120574547
0.5954757507380797,0.2770304591731136,2.000275698454168
0.9998693817016143,0.9951926308612608,-1.7720685215309522
0.15118734379048684,0.5532876475837493,0.09202848346529165
0.25175285495802574,0.38229143315445535,1.5235333321981683
0.9355961060846094,0.1120908450463638,0.03411999845934368
0.9342961694197779,0.7748181423252478,-0.10308460213077786
0.7483693576200497,0.7348768371720129,1.5307753335810224
0.5711457956525989,0.18304745650162169,0.7444460346928021
0.6434700685386666,0.5747269843595246,-0.14479367997371823
0.29966087726364826,0.9445639872130109,-1.1360999790531843
0.010752409443734234,0.23772519398494993,-0.07281727174058197
0.2840784236073029,0.37377670501030463,1.8615135059573822
0.25769621795514014,0.5762505188626377,0.2866555639335885
0.7814585744851935,0.9081333353572418,0.4868190423671849
0.08377822668735815,0.7670047331903151,-0.3123726044273317
0.5307128980272866,0.4955484105458678,0.3799842949314248
0.7408376988515755,0.7166283949522932,1.3394407612741341
0.018503644708573425,0.23210161105967078,-1.1375551323472077
0.13597956627610702,0.22265572039495274,0.625754004286646
0.04005847240150255,0.04825539591304493,1.3598993268430157
0.87970898206988,0.14080651231674396,-0.30642380160483934
0.3104668872330258,0.03442204050724622,-0.25467751799613597
0.2093630243280424,0.288754790785131,0.3077357093142947
0.8079837505955857,0.14882689901443508,-0.3741218259180046
0.4570186366544216,0.8807985231162199,-0.535153346216237
0.37066892799675805,0.45387907904694236,1.5348507391096664
0.9766397638872629,0.43250583991654834,1.7762435961927965
0.8669735077150744,0.13274208584910246,0.4573812837896488
0.5630119076335753,0.05815378600809237,0.695664689423747
0.6337972406268596,0.8886639368900426,0.19266467536454446
0.23476565729159454,0.8653712477983164,0.5128181031947061
0.5535537357193897,0.6807172963530017,-0.8808204359804888
0.5914044577679476,0.31753263343186744,2.421812829267647
0.34093340076102663,0.09573462872298866,1.0345266179558554
0.8564765507052948,0.30347159266030227,0.2715414060128048
0.355476309915735,0.34064557338821283,0.3797031114925867
0.6191320844515594,0.16709909564647385,1.2282493413422082
0.33373437700763925,0.7846111471400331,0.3653656334961701
0.7864831141651514,0.8719220942574611,1.8692240632276276
0.5782155559644547,0.2492266937995437,1.350951130870627
0.12445557229671239,0.027452406284890776,2.843457119407202
0.1342400460011435,0.9397666249619289,1.11484043263844
0.3454876720054985,0.07451224025687139,0.2867592375087585
0.8353808856016581,0.9559745075499397,0.10135736753242075
0.7192112497562624,0.7796410463314605,1.0335107084131188
0.16628196794130573,0.4479791423219249,1.0538810850306954
0.6226879589753301,0.21342494276077204,0.9846602801960842
0.03039633005363816,0.6243752831041945,-0.6435249046415934
0.14698664876204132,0.3286342872462224,1.2338848793298234
0.7755620488001247,0.5927145281890297,1.846752503158534
0.1420016509858581,0.36179999294895204,0.809200907150839
0.8131900767287671,0.46783518522542633,1.8864493590449407
0.15898429829734645,0.559596335182236,0.5553133113056298
0.0545398405687985,0.3914272379769881,-1.3902552858191508
0.6551328672984659,0.987975429506447,-0.12622435923175865
0.7388952578642117,0.041251550650150355,-0.5314915728588914
0.6772343855465155,0.7582785387982492,0.4326832918490256
0.9698375709281906,0.7298814340175929,-0.17878744289659385
0.2209622746436592,0.3077312776148735,1.5318037278860122
0.8941022233844695,0.03757139908233309,-0.27105429673879355
0.7570052050945351,0.06096792407369083,-0.27246188177594677
0.0887846834923974,0.10611682997127678,1.263670696010481
0.2603761431994,0.8531281981176589,0.09396829662961607
0.5468591207426297,0.9290367727287516,-0.3392360646646728
0.4950158760874291,0.6303411282857114,-0.7668151931496846
0.22610749150003173,0.12892285660715977,1.2865690367278226
0.8854964363077678,0.5113119756810395,1.2487299852206057
0.7115796933354415,0.8236928101461394,0.4212017260382015
0.16094395425055325,0.8966993925412065,0.8940523411163721
0.21598599532772994,0.020903455186468918,0.8416360488223488
0.002173612174503469,0.19239438834490236,-0.6175198896112045
0.8261033491944312,0.7374035211844818,2.2270722951149113
0.39620267183440094,0.9478810704334758,-1.8451040971216108
0.3189284814604415,0.2551116814284371,0.8534423124489461
0.4688757792573912,0.9035338714392391,-0.2232323894910305
0.8815802466805696,0.8453058124416554,0.184203585866434
0.4942761002744622,0.13537053648528757,1.1548324853370893
0.556372249524237,0.1557006550250409,1.3959051957221915
0.6376300513532347,0.25221538334019056,1.5602774091494334
0.7289730783590466,0.39894457830042585,1.6712701955331397
0.8409885307171622,0.1180485874650786,-0.49115440526705156
0.1838315265032463,0.9799990000952264,0.46752954045127265
0.6973420175410388,0.38558473886982303,1.5796447669102378
0.5869576455326577,0.615360817867112,-0.6389701521197354
0.45002346213531186,0.8096979977192638,-1.1665270497390663
0.40632573395591776,0.7907545089609949,-0.5450991919602853
0.17641300791980444,0.2409166497760821,0.02689597421673784
0.4132022655955749,0.19646608659961537,0.9802334906415839
0.41826908311986893,0.6409484601112527,-0.8083466875809597
0.8997616913469757,0.16164469980268895,-0.392173238551034
0.5847095745323158,0.7401493961511708,-1.4548889732609775
0.2772989623225983,0.21537452916354438,1.7723800035151875
0.48865545366491586,0.6074031864885283,0.03767482642697039
0.9747973420381897,0.6357383931647138,1.4195953617937438
0.4268220535998822,0.6501591961978898,-0.5667968937092371
0.46268580315395136,0.9242064779591124,-0.49457146635693755
0.2437690149107988,0.3511769122346544,1.031398063231071
0.5199477895258933,0.5689617252059818,0.5738806312393158
0.665891258802967,0.8429104406480669,0.01881343837433884
0.4244838551898138,0.6756809185890408,-1.2621057172348942
0.32018909573416215,0.17905740905898174,1.0475417200369956
0.35323467446809415,0.8642188157623262,-0.8804383467155804
0.4471335134447935,0.08730364904224316,1.212410501278739
0.047237049338617325,0.4842791347919669,-0.31669174239191616
0.3016590566830411,0.05285339435904813,0.4967583984911311
0.0979440459565856,0.2698837385963109,-0.18838800408773884
0.9030914827766452,0.10402680904799336,-0.9909954256066388
0.10822625516752787,0.0008601552924141076,2.1307981889835452
0.2694859154341557,0.8578853257774915,1.1018513357498756
0.21424649715078573,0.6482200761244681,-0.0638521711840349
0.09019485556646957,0.5224721563478036,0.17414955563930734
0.07813916595463204,0.8289616693840566,0.17182358498829522
0.8718443934220932,0.471442675040154,2.3393381898243293
0.8547617265983378,0.2919573632694542,-0.2735291488759258
0.32647196452450133,0.5263429994021702,0.014134798888568218
0.5686467951904538,0.5370141553172835,-0.47977880990869365
0.7316012186764144,0.12068702791613557,-1.2160790234899128
0.20440308570080493,0.9940000827177049,0.15007523589375796
0.37837791321117087,0.3384228073790018,0.2759229833250169
0.43038630588648025,0.3750477283043841,1.1011389499989435
0.11219110948817247,0.6044124673314951,-0.7637987462508118
0.5093178459904725,0.45650729102505366,0.9643951591973081
0.5211758919375528,0.07895982995079645,0.6597689128191618
0.9187381703085659,0.6557382147849276,1.3369826784420695
0.3919610278081429,0.6269753072832994,-0.32199552429293177
0.06601632018796028,0.009688131765332004,2.206685095732779
0.19451610134526715,0.2621585740287547,0.7622580859286234
0.29377055659325707,0.5088709241681056,0.6894237083582363
0.7722552297966397,0.487702734938813,1.1414892300993924
0.7654389955630494,0.5887908592226089,1.4305729170929415
0.981112266465479,0.27334391425123916,0.18374827691436027
0.47932729968516435,0.5958341535237205,0.14192080887381708
0.7938416566414556,0.1728788204794679,-0.4028839192121521
0.11559844289650917,0.9662346958879239,0.6637493663620883
0.07425584490339793,0.011028387970933142,1.6982975182834055
0.4403241777760142,0.6713089010544406,-0.9666147658473555
0.387097795916614,0.788308313216952,-0.37174044174113713
0.5422197463598251,0.32392138762917333,1.0386203746171712
