0.4403241777760142,0.6713089010544406,0.9110963843672866
0.062012920557929244,0.8392492057197815,-0.4653318824726043
0.1709868055087428,0.7523537079841092,-1.5614586720928827
0.5869576455326577,0.615360817867112,1.3069705492468169
0.925081472250846,0.9636957927730586,-0.25051967004357273
0.387097795916614,0.788308313216952,0.9970248749801737
0.025543725480777754,0.41225589520520617,0.5738329854186288
0.6191320844515594,0.16709909564647385,-0.7852424829596705
0.681598686549961,0.4367384952981942,2.655329996586759
0.10303219466205636,0.08061339542981064,0.10820924042958308
0.45002346213531186,0.8096979977192638,1.479756532204934
0.5307128980272866,0.4955484105458678,1.8913914035951396
0.4942761002744622,0.13537053648528757,-0.5859498094225759
0.3919610278081429,0.6269753072832994,0.8953571704423346
0.9342961694197779,0.7748181423252478,-0.4443040929509125
0.29377055659325707,0.5088709241681056,0.1051827650085113
0.2209622746436592,0.3077312776148735,-0.3959426244696734
0.0979440459565856,0.2698837385963109,-0.6498257344295523
0.36898248700324493,0.5647464405529873,0.4864665413630375
0.909321337319433,0.8130822923559653,-1.7819266164709149
0.43856660128558905,0.01732919009318083,-0.4680376489374422
0.06601632018796028,0.009688131765332004,-0.8264734778976616
0.4570186366544216,0.8807985231162199,1.6949730736309885
0.024545580658694107,0.5040230870752831,-0.41272231661153025
0.11219110948817247,0.6044124673314951,-2.346081645158371
0.12445557229671239,0.027452406284890776,-0.39369680299843857
0.5199477895258933,0.5689617252059818,1.332323954116434
0.03670092771097845,0.7648930195970646,-0.2628123642498622
0.18507350464705266,0.7030124743365405,-0.2849468996858629
0.8564765507052948,0.30347159266030227,0.8492191569052993
0.07425584490339793,0.011028387970933142,-0.6208725871090783
0.6434700685386666,0.5747269843595246,2.5255872349598047
0.16094395425055325,0.8966993925412065,0.5549582226999418
0.48865545366491586,0.6074031864885283,1.4906462879466378
0.7408376988515755,0.7166283949522932,-1.106383482221023
0.87970898206988,0.14080651231674396,-0.9641657782434028
0.4244838551898138,0.6756809185890408,0.8270728938698428
0.9912158786246004,0.951128887435654,-0.7277180325706792
0.8353808856016581,0.9559745075499397,-0.42213508935320176
0.5914044577679476,0.31753263343186744,0.7292434102447537
0.32018909573416215,0.17905740905898174,-0.08343233823241443
0.8941022233844695,0.03757139908233309,0.6593407973914518
0.8079837505955857,0.14882689901443508,-1.143297519052478
0.7035179104036735,0.9805227264922644,0.33830506251024123
0.7483693576200497,0.7348768371720129,-1.4916988870725814
0.6226879589753301,0.21342494276077204,0.6393991007480897
0.7508842189847061,0.9301604632586529,-0.21270556530011667
0.37837791321117087,0.3384228073790018,-0.16923725239480553
0.04005847240150255,0.04825539591304493,-1.252470661791183
0.03039633005363816,0.6243752831041945,-2.0592906411076504
0.25769621795514014,0.5762505188626377,-0.7892456783327664
0.17641300791980444,0.2409166497760821,-0.739802894033975
0.6537813645367524,0.47778008023291946,2.7309379571329986
0.5847095745323158,0.7401493961511708,1.1241343608340895
0.9698375709281906,0.7298814340175929,0.4956326603835591
0.9202398632090314,0.8901192690521935,-0.25366898751008843
0.6601951022780522,0.6976115833100587,0.834413620535924
0.7938416566414556,0.1728788204794679,-1.5261568846906606
0.018503644708573425,0.23210161105967078,-0.1520262265842078
0.32647196452450133,0.5263429994021702,0.3600107090070176
0.16628196794130573,0.4479791423219249,0.10612391319461821
0.9405820576550434,0.8774273831471704,-0.763009294460008
0.7205618810868688,0.29715409122893627,1.6847065187871557
0.8409885307171622,0.1180485874650786,-0.6821656368134286
0.8243514587344686,0.6886557979177804,0.21625611834990285
0.40632573395591776,0.7907545089609949,1.1579491222588574
0.37066892799675805,0.45387907904694236,1.380420999130653
0.5954757507380797,0.2770304591731136,2.2070308929697955
0.24614472232366646,0.8327050299981897,-0.36545151973758194
0.5353869725260286,0.18663065746880197,0.11404016267722067
0.47932729968516435,0.5958341535237205,0.9715278303411262
0.0545398405687985,0.3914272379769881,0.5204472969486988
0.9998693817016143,0.9951926308612608,-0.23336784669229033
0.27227315721971523,0.3317847955910805,0.2789712679056255
0.9766397638872629,0.43250583991654834,0.49790721918979336
0.13597956627610702,0.22265572039495274,-1.0238740257175791
0.29966087726364826,0.9445639872130109,0.9428673660247776
0.08377822668735815,0.7670047331903151,-1.0345951100352733
0.6138947920867389,0.7083547000480518,1.6713263107152756
0.12673151210697703,0.7210012829077594,-1.1572683369517802
0.6895440823313088,0.4908119952959025,1.8112222928676422
0.7570052050945351,0.06096792407369083,-0.7983866677974558
0.5037165583712881,0.31012596829957473,0.5286144736889357
0.7192112497562624,0.7796410463314605,-0.15465886928224745
0.1838315265032463,0.9799990000952264,0.12648442043999691
0.2603761431994,0.8531281981176589,0.5019050702034048
0.5141148602454383,0.5458204625323221,1.2124792257910721
0.6080987342042896,0.917125330728451,1.1984662612862371
0.9602621037123555,0.8181366832198036,-0.2537087692885996
0.5422197463598251,0.32392138762917333,1.6262218639522248
0.3016590566830411,0.05285339435904813,-0.3951702159381438
0.6748581282577796,0.15107590038600957,-1.5568503530941313
0.8261033491944312,0.7374035211844818,-0.010509796623003815
0.25175285495802574,0.38229143315445535,1.8822677194203619
0.8456972150489377,0.6657533246903167,0.327497118013863
0.4688757792573912,0.9035338714392391,1.9617007014864043
0.5686467951904538,0.5370141553172835,2.2927361110600524
0.5630119076335753,0.05815378600809237,-1.176617606153868
0.15898429829734645,0.559596335182236,-1.1262765537099217
0.7388952578642117,0.041251550650150355,-0.8044515729110002
0.6551328672984659,0.987975429506447,0.6943203497839359
0.4009682804490124,0.36552654340595836,0.2628944071951493
0.0887846834923974,0.10611682997127678,0.0429164569792779
0.9885578246957833,0.46021192415891216,0.5210241791995726
0.6973420175410388,0.38558473886982303,1.8647830783464134
0.002173612174503469,0.19239438834490236,0.32182433363987034
0.2093630243280424,0.288754790785131,-0.0035375869948337437
0.47139951221747894,0.22796933251730714,0.3033387923791486
0.3057737615708702,0.5305602880731526,-0.044111991303992105
0.1420016509858581,0.36179999294895204,0.30276676087938487
0.05606863678357255,0.5183709920060083,-0.9511031033810069
0.46268580315395136,0.9242064779591124,0.7864474563387459
0.2694859154341557,0.8578853257774915,0.2848478828513594
0.047237049338617325,0.4842791347919669,-0.9334137174571101
0.816800399117539,0.9109715924411084,-1.185694831662203
0.8997616913469757,0.16164469980268895,-0.14493251755719583
0.5287058068184354,0.973606540083151,1.9684024092703651
0.11559844289650917,0.9662346958879239,0.7630593583305328
0.009378204114156003,0.42224752542385424,-0.40064125499984615
0.3368165502876825,0.44349848642818335,0.5072325055383525
0.9461720098596667,0.6611295153188457,0.0532881649570442
0.4950158760874291,0.6303411282857114,0.9750819586937144
0.7755620488001247,0.5927145281890297,2.4916366244577115
0.5093178459904725,0.45650729102505366,1.12931129858895
0.2772989623225983,0.21537452916354438,-0.910327828135127
0.8815802466805696,0.8453058124416554,-1.2735981147126803
0.2437690149107988,0.3511769122346544,0.44654953335710734
0.7962262200990134,0.6926618577941374,-0.2597261195842352
0.20440308570080493,0.9940000827177049,-0.9569798778797688
0.3454876720054985,0.07451224025687139,-0.1044691114316364
0.21424649715078573,0.6482200761244681,-0.8198496391424756
0.19451610134526715,0.2621585740287547,-0.13157974859793892
0.981112266465479,0.27334391425123916,0.9446167323386454
0.6460638609728286,0.5420155436034166,2.7095380540160363
0.9597373855646051,0.408479610097795,0.11947856623634846
0.4471335134447935,0.08730364904224316,-0.912735459642159
0.010752409443734234,0.23772519398494993,0.47012491185460403
0.3189284814604415,0.2551116814284371,-0.9344522822219312
0.9030914827766452,0.10402680904799336,0.16891616303011886
0.5211758919375528,0.07895982995079645,-0.3668131405066084
0.9523100736975907,0.09411773122556831,0.7592324407248805
0.693283565942188,0.5805716721035521,2.219034227624319
0.39620267183440094,0.9478810704334758,0.5347413965541968
0.8854964363077678,0.5113119756810395,1.104123904372934
0.7316012186764144,0.12068702791613557,-0.8031320698264038
0.41826908311986893,0.6409484601112527,0.8486560413995587
0.665891258802967,0.8429104406480669,0.841685241930478
0.355476309915735,0.34064557338821283,0.7544434781654479
0.34093340076102663,0.09573462872298866,0.17193528321237933
0.9747973420381897,0.6357383931647138,0.3521294846977786
0.5782155559644547,0.2492266937995437,0.5413912789966167
0.6044263137086403,0.7108446705013691,0.060393690702427234
0.7094476002052806,0.4277332521659758,3.2474825508572334
0.22610749150003173,0.12892285660715977,-1.6803502681444444
0.33373437700763925,0.7846111471400331,-0.16080715225527545
0.9355961060846094,0.1120908450463638,0.9349329955514215
0.43038630588648025,0.3750477283043841,0.007671797777149754
0.35323467446809415,0.8642188157623262,0.6505541017349011
0.8306069401405365,0.2837657906743032,1.2596555899966613
0.5535537357193897,0.6807172963530017,1.6107461005307933
